match_upc,our_sku,product_name,our_price,currency,active
5900820027834,OWN-2000,Protein+ Twarożek,4.18,PLN,true
3302957003019,OWN-2001,Sauce Aïoli,3.49,EUR,true
4316268592901,OWN-2002,Fettarmer Joghurt mild 1.5 fett,0.76,EUR,true
3760103145967,OWN-2003,Sauce Pad Thai 100G,7.17,EUR,true
3413880042416,OWN-2004,Sauce sésame,7.11,EUR,true
7057280111103,OWN-2005,Frisk Bringebærsmak,109.14,NOK,true
3760103145080,OWN-2006,Sauce nems thaïlandaise,5.62,EUR,true
3760275577122,OWN-2007,Mayo Coréenne Douce,6.43,EUR,true
5905784329192,OWN-2008,Mleko UHT 0.5%,2.93,PLN,true
3269714127893,OWN-2009,Pâte de curry rouge,5.64,EUR,true
8002330089894,OWN-2010,insalatina,2.22,EUR,true
7311041034422,OWN-2011,Sju kryddor,12.48,SEK,true
8076809523547,OWN-2012,PESTO ROSSO,2.37,EUR,true
8076809513753,OWN-2013,PESTO alla GENOVESE,2.86,EUR,true
8000500426494,OWN-2014,Nutella Plant-Based,5.73,EUR,true
8712566361601,OWN-2015,Amora Sauce Samouraï 255g,2.16,EUR,true
3265470166039,OWN-2016,Sauce Quick N toast,2.23,EUR,true
8710605030051,OWN-2017,Sriracha Sauce Hot Chilli Sauce,4.33,EUR,true
8722700125174,OWN-2018,Amora Sauce Burger 260g,2.37,EUR,true
8714100903544,OWN-2019,Tabasco Chipotle,3.59,EUR,true
8714100903506,OWN-2020,Tabasco Sauce Epicée Rouge 60ml,3.86,EUR,true
5900783008062,OWN-2021,Mayomix,3.39,EUR,true
8001665722131,OWN-2022,Gnocchi,45.11,NOK,true
3596710414765,OWN-2023,YAOURT A LA GRECQUE NATURE 4x125g,1.27,EUR,true
3265470166077,OWN-2024,Sauce Quick Suprême Spicy,2.94,EUR,true
8712566351022,OWN-2025,Moutarde à l'Ancienne,2.67,EUR,true
3560070761395,OWN-2026,Basilic,0.71,EUR,true
3700279306854,OWN-2027,MONT BLANC Chocolat,2.63,EUR,true
3560070496860,OWN-2028,Sauce samouraï,2.61,EUR,true
8715035110106,OWN-2029,Sojasaus,5.69,EUR,true
8076809513722,OWN-2030,Basilico,2.02,EUR,true
8715035250307,OWN-2031,Sauce soja sucrée,6.20,EUR,true
8722700113348,OWN-2032,Amora,1.57,EUR,true
3560070669905,OWN-2033,Tomates basilic,1.88,EUR,true
3083681094282,OWN-2034,Petits Pois 1/2,2.14,EUR,true
8712100872273,OWN-2035,Maille Moutarde Fine de Dijon Verrine 165g,2.54,EUR,true
3487400006967,OWN-2036,Riz aux Champignons de Paris,2.23,EUR,true
3700279301491,OWN-2037,MONT BLANC Crème dessert Boîte Caramel 570g,3.00,EUR,true
3166291167901,OWN-2038,Mélange Mexicain,3.08,EUR,true
3335880004105,OWN-2039,Chili végétarien,3.91,EUR,true
3487400006776,OWN-2040,Riz au curry et légumes,2.06,EUR,true
3487400006745,OWN-2041,Riz tomate à l’italienne,2.10,EUR,true
4316268347730,OWN-2042,Macadamia,2.75,EUR,true
3537580706123,OWN-2043,Le pâté de porc Hénaff,2.49,EUR,true
3760077532121,OWN-2044,Pasta & Bruschetta,2.88,EUR,true
0000000000000,OWN-9999,Discontinued line,1.00,EUR,false
